,text,label
0,feature: quite the crew of wood ducks out preening themselves.birds of threads,
1,"most of the viewers who reached out to abc7 news use their ebt cards to purchase much needed groceries. but they say when the benefits are added to their cards, someone else is draining the funds before they can use them.",
2,how do i get access to those ai video creator tools? idea: fresh prince but will moves in with the tanners in full house sf,
3,forma correta de guardar xcaras dicas casa donadecasa cozinha diy,
4,will jacks shares a heartfelt message as he departs from the rcb camp for national duties.,
5,i am not pretty but i always proud to be a girl of native american blood,
6,"this is incredible! portugal just ran on 95% renewable energy for the entire month of april. in fact, so far this year, a massive 90% has come from renewables! a clean energy future is possible - everywhere!",
7,the way i just want to drop the wicked and wildflower cover right now,
8,emily blunt in roberto cavalli ss24,
9,big short investor danny moses lists tesla $tsla as his favorite short play and says shares could fall to $50,
10,"marcelo gallardo tendr su prxima chance en europa?el chileno manuel pellegrini considera que s: ""tiene la capacidad para hacerlo. yo creo que ya sudamrica es una etapa terminada para l"". tyc sports",
11,", puebla! venta de boletos maana a partir de las 10:00 am (horario cdmx) touredicinlimitada",
12,"google zero, baby. been saying it for years; the ceo of the nyt literally asked me if i really believed it",
13,fully convinced i have a 2nd stomach for ice cream only,
14,the fact that people still be out here reposting ai artwork like it's good...,
15,kirsten watson speaks with shohei ohtani about the dodgers and giants rivalry and his performance today.,
16,nahitan no ser hora de volver? a vos te gustara que vuelva? boca xeneize la12,
17,salmon sushi and noodles by christel heimdal jensen,
18,"if its on sourdough its got my name on it! layered up with fresh lemony mayo, honey and chilli lentils and topped with a boiled egg. show me your breakfast",
19,"on tuesday, may 14, the former philadelphia eagles center, 36, celebrated his official welcome by embracing and lifting abbott elementarys quinta brunson into the air as she introduced him at the disney upfront an event where the network announces new programming lineups.",
20,"3 years of good 4 u, wtf is up with that?",
21,i love everything emily henry writes,
22,chilli600 gramas de feijo vermelho;800 gramas carne moda;01 pimento vermelho e amarelo;02 cebolas;05 tomates sem semente;250 ml molho de tomate;05 colheres (sopa) azeite;01 pimenta dedo de moa;01 colher (ch) pprica picante;1/2 mao de salsinha e cebolinha;06 dentes de alho;01 colher (ch) pimenta calabresa;sal a gosto;,
23,rajasthani poshak ke liye contect rajasthaniposhak jodhpur rajasthani baisaraj baisahkm apno_pic_ trending explore picture upload rajsthani pic treditional looks beutiful photography likeforlikes lookfitness foryou explorepage instagood viralposts,
24,"uc berkeley says negotiations with demonstrators have led to an agreement to expedite what it calls a new ""socially responsible investment strategy.""",
25,hazelnut butter so easy to make and smells amazing!,
26,first look at selena gomez and david henrie reprising their roles in the upcoming wizards of waverly place sequel series.,
27,"looking back at the moment we fell in love with them, too",
28,whew!! i can breathe again. great work oilers,
29,what went wrong for gujarat titans,
30,on this date in 1989 moonlighting starring cybill shepherd and bruce willis aired its final episode. the popular comedy-drama aired a total of 66 episodes over 6 seasons.,
31,"common yellowthroat | point pelee np, onbirdphotography",
32,"i apologize cincinnati, i wasnt aware of your game.",
33,"did anyone else just pound cereal as a kid? my top 5 were ctc (cinnamon toast crunch duh), cocoa puffs, cap n crunch, frosted flakes, and .hmmmm i cant decide on 5",
34,de gala para la entrega de premios de final de temporada en aston villa.,
35,peaceful tuesday wishesbe safe be kind just be real,
36,varane x martinez partnership in the fa cup final next week. one last dance. we will be there.,
37,"i like it better without the smoke. nice day, today. calgary",
38,1 year ago todayjayson tatum scored the most points ever in a game 7: 51! tatum's career highs regular season (60) playoffs (51) all-star game (55) play-in tournament (50),
39,"on this day in 1929, gump worsley was born in montreal.in his hall of fame nhl career from 1952 to 1974, he won the calder, four stanley cups and two vezinas.he was one of the last goalies to play without a mask.he died in 2007.",
40,"people are targeting $gme, gamestop $100 calls for this friday.insane.iv is at 700%.",
41,two for tuesday cover battlevote for your fav below!,
42,"homemade chicken tortilla soup, no tacos, sorry",
43,"de mejores lados me han corrido, arriba domino's.",
44,one thing is very clear to me and it's that openai is way better at talking to normal people about these things than google,
45,"for the first home weekend this season: tifosi, assemble! f1",
46,global brand ambassador liu yifei yifei_cc for shiseido brand event in sanya liu yifei,
47,dhoni - dynamic hero of nation india !,
48,"stunning bugatti chiron in fully exposed blue/black carbon fiber, and featuring a nice set of aftermarket wheels!",
49,trying to sleep but 15% battery still left,
50,"nothing turns my timid, people-pleasing personality around faster than attempting to cancel internet service. i get confrontational.",
51,this genre is dead -tropes are dead -no one wants to read -that will never sell -*taps mic**clears throat*i.genuinely.do not care.i'll write what i want,
52,fox cub sitting next to mum in the garden,
53,aliyah boston supporting caitlin clark at the end of the 1st half,
54,it's a simple trick to use when predrilling for router placement before starting to router the recess for your inlay like the elk track.,
55,15cm230g 1 1 1 11. 2. 3. 4. 5. 106. 7. 56,
56,wishing a happy birthday to david byrne!,
57,no le digas a tu abuela hijo,
58,espectador de lujo chiquito romero disfrut la victoria de basquetbocajrs en la bombonerita.mir la visita completa en nuestro canal de youtube,
59,thank you goodnight be safetomorrow's another day...,
60,"absolute livewire in the field, terrific with the ball and one of the coolest blokes off the field! thank you, -lad topley for giving it your all this in year's ipl! playbold rcb ipl2024",
61,"apple, you need to bring back proper in-person events. it was literally one of your most iconic outward facing things. the infomercials are not gonna cut it now that everyone else is back to live presentations with crowds and having so much fun while doing it.",
62,anything that you can't do on mobile/tablet and can do on a pc is something that 90%+ of people couldn't actually do on a pc either.,
63,when the apprentice drops their hammer from the scissor lift,
64,a emenda que nenhum profissional conhece eletrica eletricista diy tools facavocemesmo construction,
65,anbuden fans aa paaru kanna! ft. gaikwad! whistlepodu,
66,opes que podem estar presentes no seu treino de glteo. apenas exemplo. no tomem como indicao de treino. bom dia bons treinos ...glutes workout save for laterexercises:1 hip thrust ( elevao plvica)2 romanian deadlift ( stiff)3 deficit reverse lunge (afundo recuo)4 step up ( subida no banco)5 sumo squat ( sum).crdito:,
67,"pixies solensia injection is kicking in and her pain levels are going down, so she and finn negotiated a truce to share the window seat this afternoon. cats of threads",
68,"in san antonio, we strive to make the city an environmentally friendly place year-round. in this guide, we'll explore ways to embrace sustainability daily and highlight the earth-friendly initiatives thriving within our community:bit.ly/49aehac",
69,oficial el defensor raphael varane dejar el manchester united una vez finalice la temporada. el jugador ser agente libre y podr negociar con cualquier club. fichajesfg,
70,its tongue out tuesday for cj the sumatran tiger,
71,bolo de laranja no liquidificador - ingredientes:- massa:3 ovossuco de 2 laranjas1 xcara (ch) de leo2 xcaras (ch) de acar3 xcaras (ch) de farinha de trigo1 colher (sopa) de fermento em p- calda:suco de 1 laranja3 colheres (sopa) de acar,
72,river plate clasific al mundial de clubes 2025,
73,brie larson laughing brielarson mcu captainmarvel girlpower feminist marvel themarvels model rodate avengers caroldanvers actress oscar oscarwinner futureisfemale fastx nissan,
74,"joralemon street - brooklyn, new york",
